Number	Concept	Proto-Purus	Yine-Value	Yine-Form	Yine-Concept	Yine-Source	Apurina-Value	Apurina-Form	Apurina-Concept	Apurina-Source	Inapari-Value	Inapari-Form	Inapari-Concept	Inapari-Source
1	body	*-mane	-mane (N86:143)	-mane 		N86:143	-mane (F00:264)	-mane 		F00:264	maná-ʔa-ti (P95:38)	maná-ʔa-ti 		P95:38
2	head	*-kɨwɨ	-çiwɨ (N86:46)	-çiwɨ 		N86:46	-kɨwɨ (F00:649)	-kɨwɨ 		F00:649	hɨwɨ́-ti (P95:32)	hɨwɨ́-ti 		P95:32
3	eye	*-hokɨ	hi-hoçi ‘face’ (N86:46)	hi-hoçi	face	N86:46	-okɨ (F00:648)	-okɨ 		F00:648	ohɨ-tí (P95:55)	ohɨ-tí 		P95:55
4	earhole	*-kena-ko	-çnako-pna (N86:47)	-çnako-pna 		N86:47	-kenako-kɨ (Fe13:82)	-kenako-kɨ 		Fe13:82	hanáʔo-ti (P95:55)	hanáʔo-ti 		P95:55
5	hair/feather	*-piti	-pici (N86:56)	-pici 		N86:56	-piti (F00:648)	-piti 		F00:648	piʧi-tí (P95:58)	piʧi-tí 		P95:58
6	mouth	*-nama	-nama (N86:53)	-nama 		N86:53	-nama (F00:651)	-nama 		F00:651	namá-ti (P95:31)	namá-ti 		P95:31
7	lip	*-potu	hi-ʃa-pto ‘beard’ (N86:63)	hi-ʃa-pto 	beard	N86:63	-poto (F00:651)	-poto 		F00:651	potu-maʧá-ti (P95:49)	potu-maʧá-ti 		P95:49
8	beard	*-sia-potu	hi-ʃa-pto ‘beard’ (N86:63)	hi-ʃa-pto 	beard	N86:63	ʃiãpoto (Fr17:344)	ʃiãpoto 		Fr17:344	ijapotú-ti (P95:31)	ijapotú-ti 		P95:31
9	tongue	*-nenɨ	hi-nnɨ (N86:486)	hi-nnɨ 		N86:486	-nɨnɨ (F00:656)	-nɨnɨ 		F00:656	není-pa-ti (P95:49)	není-pa-ti 		P95:49
10	nose	*-kiri	hi-çri (N86:47)	hi-çri 		N86:47	-kiri (F00:652)	-kiri 		F00:652	hirí-ti (P95:54)	hirí-ti 		P95:54
11	bone	*-hapɨ	hi-hapɨ (N86:45)	hi-hapɨ 		N86:45	-apɨ (F00:646)	-apɨ 		F00:646	apɨ-tí (P95:47)	apɨ-tí 		P95:47
12	back	*-takɨ	hi-tçi (N86:66)	hi-tçi 		N86:66	–				ʧahɨ́-ti (P95:42)	ʧahɨ́-ti 		P95:42
13	breast	*-tenɨ	tnɨ-ʧi (N86:567)	tnɨ-ʧi 		N86:567	-tenɨ (F00:646)	-tenɨ 		F00:646	-ʧini (P95:65)	-ʧini 		P95:65
14	breast	*-tenɨ-kɨ	–				-tenɨ-kɨ (F00:172)	-tenɨ-kɨ 		F00:172	ʧiní-hɨ-ti (P95:65)	ʧiní-hɨ-ti 		P95:65
15	chest	*-turu-	–				-toro-ta (Fr17:345)	-toro-ta 		Fr17:345	turú-ʧa-ti (P95:58)	turú-ʧa-ti 		P95:58
16	heart	*-hakɨ	-haç-ʧi, r-açi (N86:403)	-haç-ʧi / r-açi 		N86:403	-(h)ãkɨ-pa (F00:649)	-(h)ãkɨ-pa 		F00:649	ahɨ́-pa-ti (P95:37)	ahɨ́-pa-ti 		P95:37
17	liver	*-hupana	hi-hopna (N86:46)	hi-hopna 		N86:46	-opana (F00:651)	-opana 		F00:651	upaná-ti (P95:46)	upaná-ti 		P95:46
18	blood	*-hɨra-ha	hi-hraha, hran-ʧi (N86:554)	hi-hraha /hran-ʧi 		N86:554	-(h)erẽka (F00:646)	-(h)erẽka 		F00:646	ɨráá-ti (P95:64)	ɨráá-ti 		P95:64
19	flesh	*-hɨtɨ	hi-hitɨ (N86:390)	hi-hitɨ 		N86:390	–				ɨʧi-tí (P95:34)	ɨʧi-tí 		P95:34
20	Veins	*-kutsa	hi-kotsa (N86:577)	hi-kotsa 		N86:577	-kotsa (Fr17:344)	-kotsa 		Fr17:344	uta-tí (P95:70)	uta-tí 		P95:70
21	buttocks	*-mutu	hi-moto, mot-ʧi (N86:507)	hi-moto / mot-ʧi 		N86:507	–				mutu-tí (P95:54)	mutu-tí 		P95:54
22	leg	*-tapari	hi-tpali ‘his thigh’ (N86:67)	hi-tpali 	his thigh	N86:67	–				ʧaparí-ti (P95:59)	ʧaparí-ti 		P95:59
23	thigh	*-puri	–				-pori-ke (Fr17:344)	-pori-ke 		Fr17:344	purí-na-ti (P95:54)	purí-na-ti 		P95:54
24	knee	*-sukɨ	hi-soçi (N86:549)	hi-soçi 		N86:549	–				uhɨ́-ʧa-ti (P95:63)	uhɨ́-ʧa-ti 		P95:63
25	shin	*-paru	hi-palo-çi (N86:446)	hi-palo-çi 		N86:446	–				parú-ti (P95:42)	parú-ti 		P95:42
26	foot	*-kiti	hi-çici (N86:526)	hi-çici 		N86:526	-kiti (F00:649)	-kiti 		F00:649	hiʧí-pa-ti (P95:59)	hiʧí-pa-ti 		P95:59
27	arm	*-kano	-kano (H10:283)	-kano 		H10:283	-kano (F00:156)	-kano 		F00:156	ano-he-tí (P95:75)	ano-he-tí 		P95:75
28	elbow	*-hitsu	hitso-he-re (N86:396)	hitso-he-re 		N86:396	–				hitu-ré-hɨ-ti (P95:36)	hitu-ré-hɨ-ti 		P95:36
29	hand	*-muju	hi-mjo, mjo-ʧi (N86:495)	hi-mjo / mjo-ʧi 		N86:495	-pio (Fr17:344)	-pio 		Fr17:344	mujú-ti (P95:52)	mujú-ti 		P95:52
30	neck	*-nu-	hi-no-çi, no-ʃ-ʧi (N86:408)	hi-no-çi / no-ʃ-ʧi		N86:408	-no-kɨ (F00:652) -no-pi (F00:652)	-no-kɨ / -no-pi 		F00:652	nu-pi-tí (P95:38)	nu-pi-tí 		P95:38
31	skin	*-mata	hi-mta (N86:526)	hi-mta 		N86:526	-mata (F00:654)	-mata 		F00:654	maʧá-ti (P95:93)	maʧá-ti 		P95:93
32	navel	*-puru	hi-plo (N86:513)	hi-plo 		N86:513	–				purú-hɨ-ti (P95:99)	purú-hɨ-ti 		P95:99
33	tail	*-si-pi	hi-nʃi, nʃi-ʧi (N86:56)	hi-nʃi / nʃi-ʧi 		N86:56	-ʃipi (F00:655)	-ʃipi 		F00:655	ipi-tí (P95:62)	ipi-tí 		P95:62
34	wing	*-mekɨ	hi-meçi (N86:359)	hi-meçi 		N86:359	-mekɨ (Fe13:90)	-mekɨ 		Fe13:90	mehɨ́-ʧa-pi-ti (P95:27)	mehɨ́-ʧa-pi-ti 		P95:27
35	egg	*-nakɨ	hi-naçi (N86:472)	hi-naçi 		N86:472	nakɨ (F00:648)	nakɨ 		F00:648	a-nahɨ-rɨ́ (P95:74)	a-nahɨ-rɨ́ 		P95:74
36	feces	*-tika	rɨ-ʧka (N86:449)	rɨ-ʧka 		N86:449	tika-ti (Fr17:345)	tika-ti 		Fr17:345	ri-ʧiʔá-ma (P95:39)	ri-ʧiʔá-ma 		P95:39
37	fart	*-ɨkɨnɨ	hiçnɨ-ʧi, r-ɨçnɨ (N86:521)	hiçnɨ-ʧi / r-ɨçnɨ 		N86:521	–				ɨhɨnɨ́-ti (P95:58)	ɨhɨnɨ́-ti 		P95:58
38	urine	*-tsɨnɨ-ha	-tsɨnha (N86:513)	-tsɨnha 		N86:513	-tsɨnãa (Fr17:344)	-tsɨnãa 		Fr17:344	tɨnɨ́-ti (P95:56)	tɨnɨ́-ti 		P95:56
39	fat	*-ihi	ç-hi-rɨ ‘greasy’ (N86:462) < *ka-ihi-rɨ	ç-hi-rɨ	greasy	N86:462	ĩĩ (BF07:126)	ĩĩ 		BF07:126	–			
40	name	*-hɨwaka	-hiwaka, hiwak-ʧi (N86:509)	-hiwaka / hiwak-ʧi 		N86:509	-(h)iwãka (F00:652)	-(h)iwãka 		F00:652	ɨwáʔa-ti (P95:55)	ɨwáʔa-ti 		P95:55
41	house	*-pana	pan-ʧi (N86:390)	pan-ʧi 		N86:390	–				pana-tí (P95:34)	pana-tí 		P95:34
42	village	*-puku	pok-ʧi (N86:536)	pok-ʧi 		N86:536	-awa-poko (F00:387)	-awa-poko 		F00:387	i-púʔú-ri (P95:61)	i-púʔú-ri 		P95:61
43	nest	*sijari	hi-ʃale (N86:508)	hi-ʃale 		N86:508	–				ijári-ti (P95:54)	ijári-ti 		P95:54
44	path	*hatɨnɨ	hatnɨ-hapo, r-atnɨ-hapo-te (N86:387)	hatnɨ-hapo / r-atnɨ-hapo-te 		N86:387	–				haʧiní (P95:33)	haʧiní 		P95:33
45	path2	*-hapO	hatnɨ-hapo (N86:387)	hatnɨ-hapo 		N86:387	-ãpo-rɨ (Fr17:217, 427)	-ãpo-rɨ 		Fr17:217, 427	–			
46	bow	*tapu	[hi]tpo (N86:368)	[hi]tpo 		N86:368	tapo (F00:646)	tapo 		F00:646	ʧapú-ri (P95:29)	ʧapú-ri 		P95:29
47	arrow	*kasiri	kaʃri (N86:454)	kaʃri 		N86:454	–				haári (P95:43) < *keiri	haári		P95:43
48	rope	*-tsa	hi-tsa (N86:559)	hi-tsa 		N86:559	-tsa (F00:175)	-tsa 		F00:175	i-tá (P95:83)	i-tá 		P95:83
49	canoe	*kanawa	kanawa (N86:388)	kanawa 		N86:388	kanawa (BF07:117)	kanawa 		BF07:117	anawá (P95:33)	anawá 		P95:33
50	raft	*pɨmarɨ	pɨmlɨ (N86:377)	pɨmlɨ 		N86:377	–				pɨmári (P95:30)	pɨmári 		P95:30
51	person	*kakɨtɨ	kaçitɨ (N86:92)	kaçitɨ 		N86:92	kãkɨtɨ (BF07:129)	kãkɨtɨ 		BF07:129	ahɨ́ʧi (P95:45)	ahɨ́ʧi 		P95:45
52	spirit/soul	*kama-ti	kamʧi (N86:95)	kamʧi 		N86:95	kamaʧi (BF07:125)	kamaʧi 		BF07:125	amáti (P95:74)	amáti 		P95:74
53	man	*kekɨ	çeçi (N86:470)	çeçi 		N86:470	kɨkɨ (F00:651)	kɨkɨ 		F00:651	ehɨ́ (P95:46), <hehï>	ehɨ́		P95:46
54	woman	*sɨtiO	sɨco (N86:506)	sɨco 		N86:506	sɨto (F00:657)	sɨto 		F00:657	–			
55	father	*-hɨrɨ	r-ɨrɨ, hir-ʧi (N86:515)	r-ɨrɨ / hir-ʧi 		N86:515	-ɨrɨ (F00:648)	-ɨrɨ 		F00:648	ɨrɨ́-ti (P95:56)	ɨrɨ́-ti 		P95:56
56	father2	*patɨ	patɨ (N86:164)	patɨ 		N86:164	patɨ (F15: 151)	patɨ 		F15: 151	–			
57	mother	*-ɨnɨru	r-ɨnro (N86:493)	r-ɨnro 		N86:493	-ɨnɨro (F00:651)	-ɨnɨro 		F00:651	ɨnɨrú-ti (P95:51)	ɨnɨrú-ti 		P95:51
58	mother2	*natu	nato(N86:158)	nato		N86:158	<natú> (N55:194)	natú		N55:194	natú (P95:96)	natú 		P95:96
59	son	*-tɨrɨ	hi-tɨrɨ (N86:468)	hi-tɨrɨ 		N86:468	–				tɨrɨ́-ti (P95:46)	tɨrɨ́-ti 		P95:46
60	daughter	*-situ	rɨ-ʃiʧo (N86:468)	rɨ-ʃiʧo 		N86:468	–				itú-ti (P95:46)	itú-ti 		P95:46
61	grandson	*-mekani-rɨ	hi-mekahji (N86:509)	hi-mekahji 		N86:509	-mekaɲi-rɨ (Fe2013:90)	-mekaɲi-rɨ 		Fe2013:90	meʔani-rí-si-ti (P95:95)	meʔani-rí-si-ti 		P95:95
62	granddaughter	*-mekani-ro	to-mekahjo (N86:509)	to-mekahjo 		N86:509	-mekaɲi-ro (Fe2013:90)	-mekaɲi-ro 		Fe2013:90	meʔani-ró-hɨ-ti (P95:95)	meʔani-ró-hɨ-ti 		P95:95
63	father-in-law	*-himatukɨ-	himatçi-rɨ, himatçi-r-ʧi (N86:562)	himatçi-rɨ / himatçi-r-ʧi 		N86:562	-imatɨkɨ-rɨ (Fr17:179)	-imatɨkɨ-rɨ 		Fr17:179	imatuhɨtí-ri (P95:66)	imatuhɨtí-ri 		P95:66
64	mother-in-law	*-himakɨ-	himaçi-ro, himaçi-r-ʧi (N86:562)	himaçi-ro / himaçi-r-ʧi 		N86:562	–				imahɨ-tí-ro (P95:66)	imahɨ-tí-ro 		P95:66
65	nephew/niece	*-parikare-	palikle-rɨ (N86:559)	palikle-rɨ 		N86:559	–				pariʔare-ró-ti (P95:66)	pariʔare-ró-ti 		P95:66
65	nephew/niece	*-parikare-									pariʔare-rí-ti (P95:66)	pariʔare-rí-ti 		P95:66
66	younger brother	*-epɨ-rɨ	r-epɨrɨ (N86:468)	r-epɨrɨ 		N86:468	-epɨrɨ (F00:161)	-epɨrɨ 		F00:161	epɨrɨ́-hɨ-ti (P95:46)	epɨrɨ́-hɨ-ti 		P95:46
67	younger sister	*-epɨ-ro	r-epɨro (N86:468)	r-epɨro 		N86:468	–				epɨro-hɨ-ti (P95:46)	epɨro-hɨ-ti 		P95:46
68	grandmother	*-akɨro	r-açiro (N86:350)	r-açiro 		N86:350	-akɨro (Fr17:167)	-akɨro 		Fr17:167	ahɨró-ti (P95:25)	ahɨró-ti 		P95:25
69	grandfather	*-atukɨrɨ	r-atçirɨ (N86:350)	r-atçirɨ 		N86:350	-atokɨrɨ (Fr17:179)	-atokɨrɨ 		Fr17:179	atuhɨrɨ́-ti (P95:25)	atuhɨrɨ́-ti 		P95:25
70	pet	*-pɨra	pra-ʧi (N86:183)	pra-ʧi 		N86:183	-pɨra (Fr17:116)	-pɨra 		Fr17:116	–			
71	paca (rodent sp.)	*kajatɨ	kajatɨ (N86:111)	kajatɨ 		N86:111	kajatɨ (F00:652)	kajatɨ 		F00:652	ajáʧi (P95:77)	ajáʧi 		P95:77
72	capybara	*hipetɨ	hipetɨ (N86:550)	hipetɨ 		N86:550	–				hipeʧí (P95:33)	hipeʧí 		P95:33
73	rat	*kutsi	koʧi (N86:119)	koʧi 		N86:119	koʧi (F00:653)	koʧi 		F00:653	utí (P95:108)	utí 		P95:108
74	agouti	*pekiri	peçri (N86:165)	peçri 		N86:165	pekiri (BF07:124)	pekiri 		BF07:124	pehirí (P95:98)	pehirí 		P95:98
75	coati	*kapisiri	kapʃi (N86:395)	kapʃi 		N86:395	kapiʃi (F13:79)	kapiʃi 		F13:79	apíí (P95:36)	apíí 		P95:36
76	peccary (sp.)1	*meriti	mrici ‘sajino’ (N86:152)	mrici  	sajino	N86:152	meriti ‘peccary’ (F00:108)	meriti	peccary	F00:108	meríʧi ‘sajino’ (P95:95)	meríʧi	sajino	P95:95
77	peccary (sp.)2	*hirarɨ	hijalɨ ‘jabalí’ (N86:71)	hijalɨ	jabalí	N86:71	irarɨ ‘large wild pig’ (F00:650)	irarɨ 	large wild pig	F00:650	hirári ‘jabalí’ (P95:90)	hirári 	jabalí	P95:90
78	anteater	*sɨwa	sɨwa (N86:285)	sɨwa 		N86:285	–				hɨwá (P95:92)	hɨwá 		P95:92
79	tapir	*kema	çema (N86:78)	çema 		N86:78	kema (BF07:130)	kema 		BF07:130	hamá (P95:88)	hamá 		P95:88
80	Capuchin monkey	*tsikutɨ	ʧkotɨ (N86:29) ‘mono machín’	ʧkotɨ 	 mono machín	N86:29) ‘mono machín’	ʧikotɨ (BF07:115) ‘Cebus apella’	ʧikotɨ 	Cebus apella	BF07:115) ‘Cebus apella’	tiʔuʧí (P95:53) ‘mono machín’	tiʔuʧí 	mono machín	P95:53) ‘mono machín’
81	howler monkey>	*kaina	kina (N86:116) ‘mono coto’	kina 	mono coto	N86:116) ‘mono coto’	kiɲa (BF:116) ‘Alouatta seniculus’	kiɲa 	Alouatta seniculus	BF:116) ‘Alouatta seniculus’	aína (P95:53) ‘mono coto’	aína	mono coto	P95:53) ‘mono coto’
82	sloth	*makara	–				makara (BF07:118)	makara 		BF07:118	maʔára (P95:58)	maʔára 		P95:58
83	snake	*hɨmenɨ	himnɨ (N86:409)	himnɨ 		N86:409	ɨmɨnɨ (BF07:116)	ɨmɨnɨ 		BF07:116	himení (P95:38)	himení 		P95:38
84	boa	*mapitsiri	mapʧiri (N86:380)	mapʧiri 		N86:380	–				mapitíri (P95:31)	mapitíri 		P95:31
85	alligator	*kajukɨrɨ	kʃijoçrɨ (N86:485)	kʃijoçrɨ 		N86:485	kajukɨrɨ (F00:644)	kajukɨrɨ 		F00:644	ajúhɨrɨ (P95:49)	ajúhɨrɨ 		P95:49
86	turtle	*sɨpɨrɨ	sɨprɨ (N86:282)	sɨprɨ 		N86:282	sɨ̃pɨrɨ (BF07:130)	sɨ̃pɨrɨ 		BF07:130	hipɨ́rɨ (P95:90)	hipɨ́rɨ 		P95:90
87	ant	*katsitɨ	kaʧiʧi (N86:88)	kaʧiʧi 		N86:88	kaʧitɨ (BF07:117)	kaʧitɨ 		BF07:117	atíʧi (P95:76)	atíʧi 		P95:76
88	isula (ant sp.)	*manahi	manahi (N86:143)	manahi 		N86:143	maɲii (BF07:118)	maɲii 		BF07:118	maneĩ́ (P95:94)	maneĩ́ 		P95:94
89	termite	*kamara	kamla (N86:96)	kamla 		N86:96	kamara (BF07:118)	kamara 		BF07:118	amará-hɨ (P95:74)	amará-hɨ 		P95:74
90	wasp	*sanɨ	sanɨ (N86:273)	sanɨ 		N86:273	sanɨ (F00:657)	sanɨ 		F00:657	haní (P95:88)	haní 		P95:88
91	mosquito	*haniju	hahjo (N86:32)	hahjo 		N86:32	aɲiio (Fr17:349)	aɲiio 		Fr17:349	hanijú (P95:88)	hanijú 		P95:88
92	bee/honey	*mapa	–				mapa (BF07:124)	mapa 		BF07:124	mapaá (P95:44)	mapaá 		P95:44
93	fly	*kerɨ	çerɨ (N86:563)	çerɨ 		N86:563	–				herí-si (P95:67)	herí-si 		P95:67
94	butterfly	*katatu	katato(N86:107)	katato		N86:107	katatɨ (BF07:117)	katatɨ 		BF07:117	aʧatú (P95:52)	aʧatú 		P95:52
95	cockroach	*tsopata	–				tsopata (F00:647)	tsopata 		F00:647	topaʧa (P95:38)	topaʧa 		P95:38
96	spider	*pɨtahana	pɨthana(N86:368)	pɨthana		N86:368	–				pɨʧaána (P95:28)	pɨʧaána 		P95:28
97	scorpion	*hekuru	heklo (N86:359)	heklo 		N86:359	–				heʔurú (P95:27)	heʔurú 		P95:27
98	tick	*kuparɨ	koplɨ (N86:125)	koplɨ 		N86:125	–				upári (P95:107)	upári 		P95:107
99	louse	*-kepa	hi-çepa (N86:527)	hi-çepa 		N86:527	–				hapá-ti (P95:59)	hapá-ti 		P95:59
100	worm1	*tsomi	tsomi (N86:306)	tsomi 		N86:306	tsomi (BF07:117)	tsomi 		BF07:117	tomí (P95:106)	tomí 		P95:106
101	worm2	*kenɨ	çnɨ-ʧi (N86:87)	çnɨ-ʧi 		N86:87	kẽʧi (BF07:131)	kẽʧi 		BF07:131	uri-héni (P95:45)	uri-héni 		P95:45
101	worm2										ti-héni (P95:45)	ti-héni 		P95:45
102	fish (generic)	*sima	ʃima (N86:288)	ʃima 		N86:288	ʃima-kɨ (F00:648)	ʃima-kɨ 		F00:648	himá (P95:90)	himá 		P95:90
103	piraña (fish sp.)	*huma	homa (N86:74)	homa 		N86:74	(h)oma (BF:116)	oma 		h)oma (BF:116	humá (P95:92)	humá 		P95:92
104	crab	*jutúro	jotlo (N86:341)	jotlo 		N86:341	-	-		-	jutúro (P95:110)	jutúro 		P95:110
105	bat	*siju	ʃjo (N86:507)	ʃjo 		N86:507	ʃijo-kɨ (BF07:115)	ʃijo-kɨ 		BF07:115	hijú-hɨ (P95:54)	hijú-hɨ 		P95:54
106	bird (sp.)1	*majurɨ	majlɨ ‘gallinazo’ (N86:146)	majlɨ	gallinazo	N86:146	majorɨ (BF07:116)	majorɨ 		BF07:116	majúri ‘buitre blanco’ (P95:94)	majúri 	buitre blanco	P95:94
107	bird (sp.)2	*hireka	hijeka ‘paujil’ (P95:71)	hijeka	paujil	P95:71	irẽka ‘mutum’(F00:168)	irẽka	 mutum	F00:168	hiréʔa ‘paujil’ (P95:91)	hiréʔa	paujil	P95:91
108	bird (sp.)3	*hititi	hicici (N86:70)	hicici 		N86:70	–				hiʧiʧí (P95:69)	hiʧiʧí 		P95:69
109	hummingbird	*siwejúrɨ	ʃwejlɨ (N86:525)	ʃwejlɨ 		N86:525	–				hiwejúri (P95:59)	hiwejúri 		P95:59
110	duck	*hupai	hopʃi (N86:520)	hopʃi 		N86:520	opai (F00:622)	opai 		F00:622	hupaí (P95:57)	hupaí 		P95:57
111	eagle	*kukui	-	-		-	kokoi (F00:649)	kokoi 		F00:649	uʔuí (P95:26)	uʔuí 		P95:26
112	owl	*musa	mosa (N86:150)	mosa 		N86:150	musa (BF07:116)	musa 		BF07:116	muã́ (P95:95)	muã́ 		P95:95
113	tree	*haha-mɨna	hahmɨna (N86:368)	hahmɨna 		N86:368	ãamɨna (F00: 656)	ãamɨna 		F00: 656	haámɨna (P95:28)	haámɨna 		P95:28
114	palm (sp.)	*kuna	kona (N86:124)	kona 		N86:124	kona-kɨ (BF07:117)	kona-kɨ 		BF07:117	úna (P95:107)	úna 		P95:107
115	cane	*katsarɨ	katslɨ (N86:388)	katslɨ 		N86:388	–				atarí (P95:33)	atarí 		P95:33
116	branch	*-purɨ	hi-plɨ (N86:56)	hi-plɨ 		N86:56	-porɨ (F00:646)	-porɨ 		F00:646	purí (P95:99)	purí 		P95:99
117	wood, stick	*-ke	hi-çe (N86:516)	hi-çe 		N86:516	-ke (F00:175)	-ke 		F00:175	ano-he-tí ‘antebrazo’ (P95:75)	ano-he-tí	antebrazo	P95:75
118	seed	*-kɨ	hi-çi (N86:555)	hi-çi 		N86:555	-kɨ (F00:171)	-kɨ 		F00:171	-raná-hɨ (P95:58)	-raná-hɨ 		P95:58
119	shell/husk	*-pata	hi-pata (N86:391)	hi-pata 		N86:391	–				(hisí) páʧa ‘cáscara de maíz’ (P95:35)	 páʧa	cáscara de maíz	hisí) páʧa ‘cáscara de maíz’ (P95:35
120	flower	*-hɨwɨ	hi-hwɨ (N86:455)	hi-hwɨ 		N86:455	ɨ̃ɨ̃wɨ, (h)ɨ̃wɨ (BF07:126)	ɨ̃ɨ̃wɨ / ɨ̃wɨ 		h)ɨ̃wɨ (BF07:126	aáwɨ́rɨ (P95:43)	aáwɨ́rɨ 		P95:43
120	flower	*ka-hɨwɨ-rɨ	kahwɨrɨ (N86:455)	kahwɨrɨ 		N86:455								
121	Leaf	*ka-sɨre-rɨ	hi-sɨre, ka-sɨre-rɨ (N86:469)	hi-sɨre / ka-sɨre-rɨ 		N86:469	–				aɨreri (P95:46)	aɨreri 		P95:46
122	Coca	*katsuparɨ	–				katsuparɨ (BF07:117)	katsuparɨ 		BF07:117	atuparí (P95:77)	atuparí 		P95:77
123	sweet potato	*kɨparɨ	çipalɨ (N86:387)	çipalɨ 		N86:387	kɨparɨ (Fe13:86)	kɨparɨ 		Fe13:86	hɨpári (P95:92)	hɨpári 		P95:92
124	bitter manioc	*kanɨrɨ	kanrɨ (N86:581)	kanrɨ 		N86:581	–				anɨrɨ́ (P95:75)	anɨrɨ́ 		P95:75
125	manioc	*kimeka	çimeka (N86:81)	çimeka 		N86:81	–				himeʔá (P95:90)	himeʔá 		P95:90
126	maize	*si-kɨ	ʃiçi (N86:493)	ʃiçi 		N86:493	–				hisí (P95:51)	hisí 		P95:51
127	smoked (meat)	*hurutɨ	holotɨ (N86:358)	holotɨ 		N86:358	–				hurúʧi (P95:27)	hurúʧi 		P95:27
128	pepper	*kumarɨ	komlɨ (N86:359)	komlɨ 		N86:359	–				umarí (P95:27)	umarí 		P95:27
129	achiote	*hapɨkɨrɨ	hapiçrɨ (N86:353)	hapiçrɨ 		N86:353	ãpɨkɨrɨ (Fe13:66)	ãpɨkɨrɨ 		Fe13:66	hapísíri (P95:25)	hapísíri 		P95:25
130	medicine	*pini	pin-re (N86:499)	pin-re 		N86:499	piɲi (BF07:125)	piɲi 		BF07:125	pini-tí-ri (P95:52)	pini-tí-ri 		P95:52
131	sun	*atukatsi	tkaʧi (N86:559)	tkaʧi 		N86:559	atokaʧi (F00:655)	atokaʧi 		F00:655	tuʔatí (P95:66)	tuʔatí 		P95:66
132	moon	*kasɨrɨ	ksɨrɨ (N86:490)	ksɨrɨ 		N86:490	kasɨrɨ (F00:651)	kasɨrɨ 		F00:651	aɨrɨ́ (P95:51)	aɨrɨ́ 		P95:51
133	night	*jatsi	jeʧ-no (N86:509)	jeʧ-no 		N86:509	–				játi (P95:55)	játi 		P95:55
134	yesterday	*kapeta	kapet-hohne (N86:100)	kapet-hohne 		N86:100	–				apeʧá (P95:30)	apeʧá 		P95:30
135	wind	*hitima	–				i~tima (Fr17:204)	i~tima 		Fr17:204	hiʧíma (P95:90)	hiʧíma 		P95:90
136	rainbow	*kɨsi	kʃi (N86:136)	kʃi 		N86:136	kɨsi (Fr17:204)	kɨsi 		Fr17:204	–			
137	lake	*hɨpu-ha	hipowha (N86:57)	hipowha 		N86:57	ɨpowã (Fe13:118)	ɨpowã 		Fe13:118	hipuã (P95:90)	hipuã 		P95:90
138	water	*hunɨ	honɨ (N86:357)	honɨ 		N86:357	–				huní (P95:26)	huní 		P95:26
139	rain	*hina	hina (N86:53)	hina 		N86:53	–				hiná (P95:90)	hiná 		P95:90
140	fire/firewood	*tsitsi	ʧiʧi (N86:25)	ʧiʧi 		N86:25	–				tití (P95:44)	tití 		P95:44
141	fire/firewood2	*pawa	no-pawa, paw-ʧi (N86:164)	no-pawa / paw-ʧi 		N86:164	–				páwa ‘brasa’ (P95:32)	páwa	brasa	P95:32
142	hole	*-pɨna	hi-pna (N86:56)	hi-pna 		N86:56	–				a-pɨna-rí (P95:47)	a-pɨna-rí 		P95:47
143	stone	*sutarɨ	sotlɨ (N86:526)	sotlɨ 		N86:526	–				huʧárí-sí (P95:59)	huʧárí-sí 		P95:59
144	pain	*katsinu-	kaʧino-lɨ (N86:430)	kaʧino-lɨ 		N86:430	–				atinu-rí (P95:40)	atinu-rí 		P95:40
145	to be/have	*-awa	r-awa (N86:465)	r-awa 		N86:465	-awa (F00:292-294)	-awa 		F00:292-294	r-awa-ma (P95:45)	r-awa-ma 		P95:45
146	to arrive	*-apuka	hapok-lɨ, r-apoka (N86:491)	hapok-lɨ / r-apoka 		N86:491	-apoka (F00:81)	-apoka 		F00:81	r-apúʔa-ma	r-apúʔa-ma		r-apúʔa-ma
147	to come	*-ɨna	r-ɨna (N86:577)	r-ɨna 		N86:577	-ɨna (F00:647)	-ɨna 		F00:647	r-ɨna-ma	r-ɨna-ma		r-ɨna-ma
148	to return	*-satuka	satok-lɨ (N86:544)	satok-lɨ 		N86:544	–				i-atuʔa-pa-má (P95:63)	i-atuʔa-pa-má 		P95:63
149	to walk	*-jana	jan-rɨ, jana (N86:387)	jan-rɨ / jana 		N86:387	-jana (F00:308)	-jana 		F00:308	i-janá-ma (P95:33)	i-janá-ma 		P95:33
150	to pass	*-kunuha	rɨ-knoha (N86:519)	rɨ-knoha 		N86:519	–				rɨ-ʔunṹa-ma (P95:57)	rɨ-ʔunṹa-ma 		P95:57
151	to step	*-akapa-	h-akap-ʃo-lɨ (N86:527)	h-akap-ʃo-lɨ 		N86:527	–				r-aʔapa-á-ma (P95:59)	r-aʔapa-á-ma 		P95:59
152	to grow	*-tserɨ-ta	i-tserɨ-wa-ta (N86:406)	i-tserɨ-wa-ta 		N86:406	–				i-terí-ʧa-ma (P95:38)	i-terí-ʧa-ma 		P95:38
153	to sing	*-sika-	-ʃika-l-wa-ta (N86:388)	-ʃika-l-wa-ta 		N86:388	-ʃika (F00:654)	-ʃika 		F00:654	–			
154	to eat	*-nika	-nika (N86:398)	-nika 		N86:398	-ɲika (trans.)	-ɲika 		trans.	i-niʔá-ma (P95:36)	i-niʔá-ma 		P95:36
155	to swallow	*-nikuru-ka	-niklok-lu (N86:571)	-niklok-lu 		N86:571	–				i-niʔuruʔa-má-ri	i-niʔuruʔa-má-ri		i-niʔuruʔa-má-ri
156	to say	*-tsina	ʧin-rɨ, -ʧina (N86:415)	ʧin-rɨ / -ʧina 		N86:415	–				i-tiná-ma (P95:39)	i-tiná-ma 		P95:39
157	to speak	*-tukanV-	-tokanɨ-wa-ta (N86:465)	-tokanɨ-wa-ta 		N86:465	–				ri-tuʔána-ma (P95:45)	ri-tuʔána-ma 		P95:45
158	to command	*-jukana	jokan-rɨ (N86:513)	jokan-rɨ 		N86:513	–				i-juʔana-má-ri (P95 :56)	i-juʔana-má-ri 		P95 :56
159	to call	*-tuma-ha	tomha-lɨ (N86:490)	tomha-lɨ 		N86:490	–				i-tumáá-ri (P95:50)	i-tumáá-ri 		P95:50
160	to breathe	*-nani	hi-nni- (N86:360)	hi-nni- 		N86:360	–				i-naní-ma (P95:63)	i-naní-ma 		P95:63
161	to wash1	*-kipa	–				kipa (F00:655)	kipa 		F00:655	i-hipá-ma-ri (P95:49)	i-hipá-ma-ri 		P95:49
162	to wash2	*-erOka	t-erka-lɨ (N86:486)	t-erka-lɨ 		N86:486	eroka (F00:656)	eroka 		F00:656	–			
163	to swim	*-hano-ha	hanoh-lɨ, r-anoha-ta (N86:507)	hanoh-lɨ / r-anoha-ta 		N86:507	-noã-ta (F00:655)	-noã-ta 		F00:655	r-ano-ʔa-má (P95:54)	r-ano-ʔa-má 		P95:54
164	to bath	*-ka	-ka-wa (N86:377)	-ka-wa 		N86:377	–				i-ʔáá-ma (P95:30)	i-ʔáá-ma 		P95:30
165	to plant/put	*-taka	rɨ-tak-lɨ (N86:528)	rɨ-tak-lɨ 		N86:528	-taka ‘to put’ (F00:653)	-taka	to put	F00:653	rɨ-ʧaʔa-ma (P95:102)	rɨ-ʧaʔa-ma 		P95:102
166	to dig	*-sɨtu	sito-t-lɨ (N86:392)	sito-t-lɨ 		N86:392	–				i-hɨtú-ma (P95:34)	i-hɨtú-ma 		P95:34
167	to peel	*-taraha-	talha-lɨ (N86:521)	talha-lɨ 		N86:521	–				i-ʧaraa-má-ri (P95:58)	i-ʧaraa-má-ri 		P95:58
168	to hear	*-kema	-çema, -çem-lɨ (N86:512)	-çema / -çem-lɨ 		N86:512	-kema-ko (F00:649)	-kema-ko 		F00:649	i-hama-má (P95:55)	i-hama-má 		P95:55
169	to see	*-eta	r-et-lɨ (N86:502)	r-et-lɨ 		N86:502	-eta[ma] (F00:654)	-eta[ma] 		F00:654	r-eʧá-ra-ma (P95:53)	r-eʧá-ra-ma 		P95:53
170	to learn	*-ɨma-ta	r-ɨma-ta- (N86:367)	r-ɨma-ta- 		N86:367	–				r-ɨma-ʧa- (P95:28)	r-ɨma-ʧa- 		P95:28
171	to fear	*-pika	-pika (N86:501)	-pika 		N86:501	-pika (F00:648)	-pika 		F00:648	i-piʔá-ma (P95:53)	i-piʔá-ma 		P95:53
172	to sleep	*-ɨmaka	r-ɨmka (N86:430)	r-ɨmka 		N86:430	-ɨmaka (F00:654)	-ɨmaka 		F00:654	r-ɨmɨʔá-ma (P95:40)	r-ɨmɨʔá-ma 		P95:40
173	to lie down	*-kurɨ-ha	hi-klɨh-lɨ (N86:352)	hi-klɨh-lɨ 		N86:352	–				rɨ-ʔuri-a-ma (P95:26)	rɨ-ʔuri-a-ma 		P95:26
174	to die	*-ɨpɨna	hipna-lɨ, r-ɨpna (N86:504)	hipna-lɨ / r-ɨpna 		N86:504	ɨpɨ̃-pe (F00:647)	ɨpɨ̃-pe 		F00:647	r-ɨpɨná-ma (P95:53)	r-ɨpɨná-ma 		P95:53
175	to kill	*-hOka	rɨ-hka-lɨ (N86:222)	rɨ-hka-lɨ 		N86:222	-oka (F00: 650)	-oka 		F00: 650	–			
176	to cook	*-wara	hi-wla-lɨ (N86:396)	hi-wla-lɨ 		N86:396	–				rɨ-wara-má-ri (P95:64)	rɨ-wara-má-ri 		P95:64
177	to roast	*-kuta	kota-çi-t-lɨ (N86:570)	kota-çi-t-lɨ 		N86:570	–				i-ʔuʧa-má-ri (P95 :69)	i-ʔuʧa-má-ri 		P95 :69
178	to grind	*-juki	joç-rɨ (N86:503)	joç-rɨ 		N86:503	–				juhi-rí (P95:53)	juhi-rí 		P95:53
179	to fetch	*-apa	r-apa-t-lɨ (N86:483)	r-apa-t-lɨ 		N86:483	-apa (F00:384)	-apa 		F00:384	r-apa-ʧí-má-ri (P95:49)	r-apa-ʧí-má-ri 		P95:49
180	to sew	*-jutsa-ha	jotsha-lɨ (N86:405)	jotsha-lɨ 		N86:405	–				i-jutãã-rá-ma (P95:37)	i-jutãã-rá-ma 		P95:37
181	pregnant	*-mɨsi-	ka-mʃi-ro, mɨʃi-w-lɨ (N86:433)	ka-mʃi-ro / mɨʃi-w-lɨ 		N86:433	-miʃi (F00:645)	-miʃi 		F00:645	amirú (P95:41)	amirú 		P95:41
182	hungry	*natsi	naʧi (N86:466)	naʧi 		N86:466	naʧi (F00:483)	naʧi 		F00:483	natí (P95:46)	natí 		P95:46
183	shy	*-pate-	pate-wa-ta (N86:578)	pate-wa-ta 		N86:578	-pate-ta (Fe13:98)	-pate-ta 		Fe13:98	a-pate-rí (P95:70)	a-pate-rí 		P95:70
184	hot	*hame-	hame-t-lɨ (N86:385–86)	hame-t-lɨ 		N86:38586	–				hame-má-ri (P95:32)	hame-má-ri 		P95:32
185	cold	*ka-ʧikare	ka-ʧikle-rɨ (N86:457)	ka-ʧikle-rɨ 		N86:457	-ʧĩkare (Fe13:56)	-ʧĩkare 		Fe13:56	–			
185	cold	*ka-ʧikare					ka-ʧĩka-re-rɨ (BF07:125)	ka-ʧĩka-re-rɨ 		BF07:125				
186	wet	*potseja-	potsja-lɨ (N86:473)	potsja-lɨ 		N86:473	–				potejá-má-ri (P95:47)	potejá-má-ri 		P95:47
187	dry	*puperi-	popri-ri (N86:554)	popri-ri 		N86:554	–				puperí-má-ri (P95:65)	puperí-má-ri 		P95:65
188	new	*herutɨ	herotɨ (N86:510)	herotɨ 		N86:510	–				herúʧi (P95:55)	herúʧi 		P95:55
189	heavy	*pO-hɨno-rɨ	hinolɨ (N86:524)	hinolɨ 		N86:524	–				pɨɨnorɨ (P95:59)	pɨɨnorɨ 		P95:59
190	above	*teno	teno (N86:370)	teno 		N86:370	–				téno (P95:29)	téno 		P95:29
191	below	*rapɨ-	rapɨ[ko] (N86:415)	rapɨ[ko] 		N86:415	–				rapɨ[ʧa] (P95:25)	rapɨ[ʧa] 		P95:25
192	core/middle	*-anika-kɨ	r-anika-çi-te (N86:393)	r-anika-çi-te 		N86:393	–				aniʔa-hɨ (P95:35)	aniʔa-hɨ 		P95:35
193	two	*hepi	hepi (P95:431)	hepi 		P95:431	epi (F00:656)	epi 		F00:656	hepí (P95:40)	hepí 		P95:40
194	three	*mapa	mapa (P95:572)	mapa 		P95:572	–				mapá (P95:69)	mapá 		P95:69
195	cl.liquid	*-ha	hi-ha (N86:357)	hi-ha 		N86:357	-ã (F00:175)	-ã 		F00:175	ã- (P95:49)	ã- 		P95:49
196	cl.cylindrical	*-pi	-pi (H10:179–80)	-pi 		H10:17980	–				-pi (P95:189)	-pi 		P95:189
197	gender.masc	*-rɨ	-rɨ ~ -lɨ (H10:34–35)	-rɨ ~ -lɨ 		H10:3435	-rɨ (F00:218)	-rɨ 		F00:218	-rɨ (P95:191)	-rɨ 		P95:191
198	gender.fem	*-ro	-ro ~ -lo (H10:34–35)	-ro ~ -lo 		H10:3435	-ro (F00:218)	-ro 		F00:218	-ro (P95:191)	-ro 		P95:191
199	progressive	*-nanɨ	-nanɨ (H10:81)	-nanɨ 		H10:81	-nanɨ (F00: 314)	-nanɨ 		F00: 314	–			
200	iterative	*-naka	-t-naka (H10:247)	-t-naka 		H10:247	–				-naʔa (P95:196)	-naʔa 		P95:196
201	intensive	*-jaka	jaka (H10:84)	jaka 		H10:84	–				-jaʔa (P95:201)	-jaʔa 		P95:201
202	intensifier	*-putɨ	potɨ (H10:79)	potɨ 		H10:79	–				-puʧi (P95:201)	-puʧi 		P95:201
203	caus/verblzr	*ka-	ka- (H10:97)	ka- 		H10:97	ka- (F00:336–37)	ka- 		F00:33637	a- (see 5.5)	a- 		see 5.5
204	adjectivizer	*pO-	po- (H10:101)	po- 		H10:101	*po- (4.2.5.2)	*po- 		4.2.5.2	*po-/*pu- (4.2.6.2)	*po-/*pu- 		4.2.6.2
205	verbalizer	*-ta	-ta ‘verb stem closure’ (H10:206)	-ta	verb stem closure	H10:206	-ta ‘verbalizer’ (F00:324)	-ta	verbalizer	F00:324	-ʧa[hi] ‘causative’ (P95:201)	-ʧa[hi]	causative	P95:201
206	absolute	*-tsi	-ʧi (H10:118)	-ʧi 		H10:118	-ʧi (F00:236)	-ʧi 		F00:236	-ti (P95:187)	-ti 		P95:187
